algorithm,size,time
qs1,2500,0.0053102970123291016
qs1,2500,0.004497051239013672
qs1,2500,0.004572868347167969
qs1,2500,0.004519224166870117
qs1,2500,0.004565000534057617
qs1,2500,0.004544973373413086
qs1,2500,0.004540920257568359
qs1,2500,0.004365682601928711
qs1,2500,0.004478931427001953
qs1,2500,0.00436091423034668
qs1,2500,0.004418849945068359
qs1,2500,0.0044708251953125
qs1,2500,0.004324913024902344
qs1,2500,0.004372835159301758
qs1,2500,0.00444483757019043
qs1,2500,0.004347801208496094
qs1,2500,0.0044498443603515625
qs1,2500,0.004403829574584961
qs1,2500,0.0044019222259521484
qs1,2500,0.004533052444458008
qs1,2500,0.004503011703491211
qs1,2500,0.004313230514526367
qs1,2500,0.004416227340698242
qs1,2500,0.0044858455657958984
qs1,2500,0.004372835159301758
qs1,2500,0.004516124725341797
qs1,2500,0.004490852355957031
qs1,2500,0.0044460296630859375
qs1,2500,0.004410982131958008
qs1,2500,0.0044269561767578125
qs1,2500,0.0044291019439697266
qs1,2500,0.0043680667877197266
qs1,2500,0.004527091979980469
qs1,2500,0.004522085189819336
qs1,2500,0.00449824333190918
qs1,2500,0.004478931427001953
qs1,2500,0.004734992980957031
qs1,2500,0.006067991256713867
qs1,2500,0.0055921077728271484
qs1,2500,0.004868984222412109
qs1,2500,0.005383968353271484
qs1,2500,0.004913806915283203
qs1,2500,0.004640102386474609
qs1,2500,0.004791975021362305
qs1,2500,0.005103111267089844
qs1,2500,0.005934238433837891
qs1,2500,0.004359245300292969
qs1,2500,0.004449129104614258
qs1,2500,0.004503011703491211
qs1,2500,0.004359245300292969
qs1,2500,0.0045299530029296875
qs1,2500,0.004293918609619141
qs1,2500,0.004554033279418945
qs1,2500,0.004467964172363281
qs1,2500,0.00453495979309082
qs1,2500,0.004398822784423828
qs1,2500,0.004540920257568359
qs1,2500,0.00448298454284668
qs1,2500,0.004418849945068359
qs1,2500,0.0045549869537353516
qs1,2500,0.0044209957122802734
qs1,2500,0.0043048858642578125
qs1,2500,0.004357814788818359
qs1,2500,0.004405021667480469
qs1,2500,0.004369020462036133
qs1,2500,0.004426717758178711
qs1,2500,0.004325151443481445
qs1,2500,0.004521846771240234
qs1,2500,0.004488229751586914
qs1,2500,0.0043430328369140625
qs1,2500,0.004338979721069336
qs1,2500,0.005064249038696289
qs1,2500,0.004703998565673828
qs1,2500,0.004529237747192383
qs1,2500,0.004575014114379883
qs1,2500,0.004549980163574219
qs1,2500,0.004630088806152344
qs1,2500,0.004669904708862305
qs1,2500,0.00450897216796875
qs1,2500,0.004621982574462891
qs1,2500,0.004734039306640625
qs1,2500,0.00533604621887207
qs1,2500,0.004803895950317383
qs1,2500,0.0048711299896240234
qs1,2500,0.004961967468261719
qs1,2500,0.005025148391723633
qs1,2500,0.0060918331146240234
qs1,2500,0.01180124282836914
qs1,2500,0.005071163177490234
qs1,2500,0.007812976837158203
qs1,2500,0.00852203369140625
qs1,2500,0.004843950271606445
qs1,2500,0.005400180816650391
qs1,2500,0.006880044937133789
qs1,2500,0.008738994598388672
qs1,2500,0.00475001335144043
qs1,2500,0.004554033279418945
qs1,2500,0.004446983337402344
qs1,2500,0.004415988922119141
qs1,2500,0.004431724548339844
qs2,2500,0.005483865737915039
qs2,2500,0.0053980350494384766
qs2,2500,0.0055048465728759766
qs2,2500,0.005731105804443359
qs2,2500,0.005635976791381836
qs2,2500,0.006223917007446289
qs2,2500,0.006079912185668945
qs2,2500,0.005846977233886719
qs2,2500,0.005838155746459961
qs2,2500,0.0057337284088134766
qs2,2500,0.005671024322509766
qs2,2500,0.005938053131103516
qs2,2500,0.006148815155029297
qs2,2500,0.00601506233215332
qs2,2500,0.0062220096588134766
qs2,2500,0.005942106246948242
qs2,2500,0.00571894645690918
qs2,2500,0.005925893783569336
qs2,2500,0.0059549808502197266
qs2,2500,0.005714893341064453
qs2,2500,0.005716085433959961
qs2,2500,0.005713939666748047
qs2,2500,0.005785942077636719
qs2,2500,0.005527973175048828
qs2,2500,0.0063779354095458984
qs2,2500,0.00594782829284668
qs2,2500,0.007205009460449219
qs2,2500,0.00691986083984375
qs2,2500,0.006075859069824219
qs2,2500,0.006512165069580078
qs2,2500,0.006314992904663086
qs2,2500,0.006316184997558594
qs2,2500,0.006304025650024414
qs2,2500,0.009099006652832031
qs2,2500,0.005819797515869141
qs2,2500,0.006551980972290039
qs2,2500,0.005850791931152344
qs2,2500,0.00564885139465332
qs2,2500,0.006085872650146484
qs2,2500,0.005527019500732422
qs2,2500,0.005686759948730469
qs2,2500,0.005787849426269531
qs2,2500,0.0055010318756103516
qs2,2500,0.005939006805419922
qs2,2500,0.005833148956298828
qs2,2500,0.005507707595825195
qs2,2500,0.005620002746582031
qs2,2500,0.005492210388183594
qs2,2500,0.005572795867919922
qs2,2500,0.005553245544433594
qs2,2500,0.005521059036254883
qs2,2500,0.005558967590332031
qs2,2500,0.005421161651611328
qs2,2500,0.005493879318237305
qs2,2500,0.005587100982666016
qs2,2500,0.005505800247192383
qs2,2500,0.005585908889770508
qs2,2500,0.005445241928100586
qs2,2500,0.0055429935455322266
qs2,2500,0.0056116580963134766
qs2,2500,0.005465030670166016
qs2,2500,0.005588054656982422
qs2,2500,0.0055310726165771484
qs2,2500,0.005446910858154297
qs2,2500,0.005536079406738281
qs2,2500,0.0056917667388916016
qs2,2500,0.0057239532470703125
qs2,2500,0.007664918899536133
qs2,2500,0.006150245666503906
qs2,2500,0.005906343460083008
qs2,2500,0.0061838626861572266
qs2,2500,0.005796194076538086
qs2,2500,0.006590843200683594
qs2,2500,0.008283138275146484
qs2,2500,0.005513906478881836
qs2,2500,0.005602121353149414
qs2,2500,0.0054662227630615234
qs2,2500,0.00583195686340332
qs2,2500,0.005652904510498047
qs2,2500,0.00541996955871582
qs2,2500,0.0054988861083984375
qs2,2500,0.005555152893066406
qs2,2500,0.005369901657104492
qs2,2500,0.005532741546630859
qs2,2500,0.0056798458099365234
qs2,2500,0.005673885345458984
qs2,2500,0.005377769470214844
qs2,2500,0.005484819412231445
qs2,2500,0.005544900894165039
qs2,2500,0.005566120147705078
qs2,2500,0.00558781623840332
qs2,2500,0.0055179595947265625
qs2,2500,0.005501985549926758
qs2,2500,0.005505800247192383
qs2,2500,0.005402088165283203
qs2,2500,0.0054302215576171875
qs2,2500,0.005483150482177734
qs2,2500,0.005424022674560547
qs2,2500,0.005609989166259766
qs2,2500,0.005537986755371094
qs3,2500,0.005413055419921875
qs3,2500,0.0053980350494384766
qs3,2500,0.0056400299072265625
qs3,2500,0.005418062210083008
qs3,2500,0.0057032108306884766
qs3,2500,0.005714893341064453
qs3,2500,0.005350828170776367
qs3,2500,0.005568027496337891
qs3,2500,0.006028175354003906
qs3,2500,0.008047103881835938
qs3,2500,0.006312847137451172
qs3,2500,0.006154060363769531
qs3,2500,0.005782127380371094
qs3,2500,0.00596308708190918
qs3,2500,0.007001161575317383
qs3,2500,0.007734060287475586
qs3,2500,0.005591869354248047
qs3,2500,0.00542902946472168
qs3,2500,0.005851268768310547
qs3,2500,0.005518913269042969
qs3,2500,0.005532264709472656
qs3,2500,0.00531315803527832
qs3,2500,0.0053560733795166016
qs3,2500,0.0054779052734375
qs3,2500,0.005642890930175781
qs3,2500,0.005629777908325195
qs3,2500,0.005675077438354492
qs3,2500,0.005467891693115234
qs3,2500,0.005585908889770508
qs3,2500,0.0062601566314697266
qs3,2500,0.005571842193603516
qs3,2500,0.0056116580963134766
qs3,2500,0.005540132522583008
qs3,2500,0.005632877349853516
qs3,2500,0.0056400299072265625
qs3,2500,0.005458831787109375
qs3,2500,0.0055370330810546875
qs3,2500,0.005452871322631836
qs3,2500,0.005764961242675781
qs3,2500,0.0055921077728271484
qs3,2500,0.0055201053619384766
qs3,2500,0.005445957183837891
qs3,2500,0.005396127700805664
qs3,2500,0.00575709342956543
qs3,2500,0.006033182144165039
qs3,2500,0.005688905715942383
qs3,2500,0.005743980407714844
qs3,2500,0.0053920745849609375
qs3,2500,0.0055310726165771484
qs3,2500,0.005583286285400391
qs3,2500,0.005474090576171875
qs3,2500,0.006325960159301758
qs3,2500,0.005995035171508789
qs3,2500,0.006114006042480469
qs3,2500,0.006226062774658203
qs3,2500,0.005712747573852539
qs3,2500,0.005982398986816406
qs3,2500,0.00669407844543457
qs3,2500,0.007579803466796875
qs3,2500,0.0054779052734375
qs3,2500,0.005726814270019531
qs3,2500,0.005471229553222656
qs3,2500,0.00550079345703125
qs3,2500,0.005997180938720703
qs3,2500,0.005843162536621094
qs3,2500,0.005508899688720703
qs3,2500,0.0054950714111328125
qs3,2500,0.005636692047119141
qs3,2500,0.005685091018676758
qs3,2500,0.005539894104003906
qs3,2500,0.005466938018798828
qs3,2500,0.0056247711181640625
qs3,2500,0.005558013916015625
qs3,2500,0.0056650638580322266
qs3,2500,0.005955219268798828
qs3,2500,0.005882740020751953
qs3,2500,0.0054950714111328125
qs3,2500,0.005733013153076172
qs3,2500,0.005516767501831055
qs3,2500,0.005712985992431641
qs3,2500,0.005549907684326172
qs3,2500,0.005707979202270508
qs3,2500,0.005671024322509766
qs3,2500,0.005628824234008789
qs3,2500,0.005536079406738281
qs3,2500,0.00564885139465332
qs3,2500,0.005837678909301758
qs3,2500,0.005551815032958984
qs3,2500,0.0057108402252197266
qs3,2500,0.0059888362884521484
qs3,2500,0.0057871341705322266
qs3,2500,0.005688190460205078
qs3,2500,0.005562782287597656
qs3,2500,0.007117271423339844
qs3,2500,0.006104946136474609
qs3,2500,0.006064891815185547
qs3,2500,0.005728006362915039
qs3,2500,0.00557708740234375
qs3,2500,0.00667881965637207
qs3,2500,0.008282184600830078
qs4,2500,0.0060977935791015625
qs4,2500,0.006144046783447266
qs4,2500,0.006256103515625
qs4,2500,0.0061740875244140625
qs4,2500,0.00651097297668457
qs4,2500,0.006785154342651367
qs4,2500,0.006201028823852539
qs4,2500,0.005901813507080078
qs4,2500,0.006220817565917969
qs4,2500,0.006092071533203125
qs4,2500,0.006254673004150391
qs4,2500,0.005944728851318359
qs4,2500,0.006411075592041016
qs4,2500,0.005833148956298828
qs4,2500,0.006249904632568359
qs4,2500,0.006600141525268555
qs4,2500,0.006548881530761719
qs4,2500,0.0064051151275634766
qs4,2500,0.006345987319946289
qs4,2500,0.005711793899536133
qs4,2500,0.005981922149658203
qs4,2500,0.006658077239990234
qs4,2500,0.0057637691497802734
qs4,2500,0.006197214126586914
qs4,2500,0.005883932113647461
qs4,2500,0.006345987319946289
qs4,2500,0.006254673004150391
qs4,2500,0.006054878234863281
qs4,2500,0.0068416595458984375
qs4,2500,0.006090879440307617
qs4,2500,0.005960226058959961
qs4,2500,0.0072269439697265625
qs4,2500,0.006479978561401367
qs4,2500,0.0068018436431884766
qs4,2500,0.0066030025482177734
qs4,2500,0.006014823913574219
qs4,2500,0.0063478946685791016
qs4,2500,0.008404016494750977
qs4,2500,0.006005048751831055
qs4,2500,0.005680084228515625
qs4,2500,0.006145954132080078
qs4,2500,0.0060079097747802734
qs4,2500,0.0060329437255859375
qs4,2500,0.005923032760620117
qs4,2500,0.006459236145019531
qs4,2500,0.0064890384674072266
qs4,2500,0.006007194519042969
qs4,2500,0.006103038787841797
qs4,2500,0.006129026412963867
qs4,2500,0.006022930145263672
qs4,2500,0.006192922592163086
qs4,2500,0.005801200866699219
qs4,2500,0.0060312747955322266
qs4,2500,0.0061092376708984375
qs4,2500,0.005830049514770508
qs4,2500,0.0057392120361328125
qs4,2500,0.006189107894897461
qs4,2500,0.005833864212036133
qs4,2500,0.006512880325317383
qs4,2500,0.0059337615966796875
qs4,2500,0.006075143814086914
qs4,2500,0.005998134613037109
qs4,2500,0.006081104278564453
qs4,2500,0.005836963653564453
qs4,2500,0.006031990051269531
qs4,2500,0.006532192230224609
qs4,2500,0.006552219390869141
qs4,2500,0.0064849853515625
qs4,2500,0.006671905517578125
qs4,2500,0.008244991302490234
qs4,2500,0.006637096405029297
qs4,2500,0.006725788116455078
qs4,2500,0.006615877151489258
qs4,2500,0.006439924240112305
qs4,2500,0.007936954498291016
qs4,2500,0.0075070858001708984
qs4,2500,0.0059168338775634766
qs4,2500,0.006247043609619141
qs4,2500,0.006027936935424805
qs4,2500,0.005861043930053711
qs4,2500,0.006821870803833008
qs4,2500,0.0065500736236572266
qs4,2500,0.006345033645629883
qs4,2500,0.006121158599853516
qs4,2500,0.006213188171386719
qs4,2500,0.00605010986328125
qs4,2500,0.006061077117919922
qs4,2500,0.006543874740600586
qs4,2500,0.006060123443603516
qs4,2500,0.006134986877441406
qs4,2500,0.005768299102783203
qs4,2500,0.006028652191162109
qs4,2500,0.005889177322387695
qs4,2500,0.0059778690338134766
qs4,2500,0.006062746047973633
qs4,2500,0.00592803955078125
qs4,2500,0.005877017974853516
qs4,2500,0.006268739700317383
qs4,2500,0.00563502311706543
qs4,2500,0.006154060363769531
qs5,2500,0.005616188049316406
qs5,2500,0.005815029144287109
qs5,2500,0.005815029144287109
qs5,2500,0.005669116973876953
qs5,2500,0.0056612491607666016
qs5,2500,0.005597829818725586
qs5,2500,0.0057888031005859375
qs5,2500,0.0056476593017578125
qs5,2500,0.0057108402252197266
qs5,2500,0.0068590641021728516
qs5,2500,0.0062541961669921875
qs5,2500,0.006274223327636719
qs5,2500,0.005935192108154297
qs5,2500,0.005816221237182617
qs5,2500,0.0065021514892578125
qs5,2500,0.008416175842285156
qs5,2500,0.005612850189208984
qs5,2500,0.005602121353149414
qs5,2500,0.0057239532470703125
qs5,2500,0.00574803352355957
qs5,2500,0.005877971649169922
qs5,2500,0.0056760311126708984
qs5,2500,0.005779266357421875
qs5,2500,0.0059452056884765625
qs5,2500,0.005692243576049805
qs5,2500,0.0056231021881103516
qs5,2500,0.005705118179321289
qs5,2500,0.005754709243774414
qs5,2500,0.005824089050292969
qs5,2500,0.005676746368408203
qs5,2500,0.005825042724609375
qs5,2500,0.005601167678833008
qs5,2500,0.0057048797607421875
qs5,2500,0.00561213493347168
qs5,2500,0.0057141780853271484
qs5,2500,0.005777120590209961
qs5,2500,0.0056188106536865234
qs5,2500,0.005855083465576172
qs5,2500,0.005769014358520508
qs5,2500,0.00576019287109375
qs5,2500,0.005675792694091797
qs5,2500,0.005776166915893555
qs5,2500,0.005951881408691406
qs5,2500,0.0056841373443603516
qs5,2500,0.005618095397949219
qs5,2500,0.006079912185668945
qs5,2500,0.005651950836181641
qs5,2500,0.005831003189086914
qs5,2500,0.005645036697387695
qs5,2500,0.005659818649291992
qs5,2500,0.0066869258880615234
qs5,2500,0.006336688995361328
qs5,2500,0.0060040950775146484
qs5,2500,0.0059070587158203125
qs5,2500,0.006181001663208008
qs5,2500,0.006719827651977539
qs5,2500,0.00716710090637207
qs5,2500,0.0057599544525146484
qs5,2500,0.005678892135620117
qs5,2500,0.005583047866821289
qs5,2500,0.005855083465576172
qs5,2500,0.005829811096191406
qs5,2500,0.005769014358520508
qs5,2500,0.005635976791381836
qs5,2500,0.005709648132324219
qs5,2500,0.0057981014251708984
qs5,2500,0.0056610107421875
qs5,2500,0.005585193634033203
qs5,2500,0.005667924880981445
qs5,2500,0.0058917999267578125
qs5,2500,0.005544900894165039
qs5,2500,0.005793094635009766
qs5,2500,0.005697011947631836
qs5,2500,0.0057489871978759766
qs5,2500,0.005686044692993164
qs5,2500,0.005902290344238281
qs5,2500,0.0055658817291259766
qs5,2500,0.005615949630737305
qs5,2500,0.005964994430541992
qs5,2500,0.005655050277709961
qs5,2500,0.0055999755859375
qs5,2500,0.00574183464050293
qs5,2500,0.005741119384765625
qs5,2500,0.00576472282409668
qs5,2500,0.005620002746582031
qs5,2500,0.005950927734375
qs5,2500,0.005944728851318359
qs5,2500,0.005708932876586914
qs5,2500,0.005692958831787109
qs5,2500,0.005811929702758789
qs5,2500,0.005810976028442383
qs5,2500,0.0069658756256103516
qs5,2500,0.006045818328857422
qs5,2500,0.006150960922241211
qs5,2500,0.0060307979583740234
qs5,2500,0.006247043609619141
qs5,2500,0.006499767303466797
qs5,2500,0.0063762664794921875
qs5,2500,0.005733013153076172
qs5,2500,0.00574493408203125
merge1,2500,0.005814075469970703
merge1,2500,0.0057871341705322266
merge1,2500,0.005826711654663086
merge1,2500,0.005813121795654297
merge1,2500,0.0058138370513916016
merge1,2500,0.005836963653564453
merge1,2500,0.005795001983642578
merge1,2500,0.005798816680908203
merge1,2500,0.005821943283081055
merge1,2500,0.0058519840240478516
merge1,2500,0.005807161331176758
merge1,2500,0.005787849426269531
merge1,2500,0.0058209896087646484
merge1,2500,0.005795717239379883
merge1,2500,0.005795001983642578
merge1,2500,0.00580286979675293
merge1,2500,0.005869150161743164
merge1,2500,0.0058879852294921875
merge1,2500,0.00583195686340332
merge1,2500,0.005789995193481445
merge1,2500,0.005887031555175781
merge1,2500,0.006061077117919922
merge1,2500,0.006052732467651367
merge1,2500,0.006105184555053711
merge1,2500,0.0061948299407958984
merge1,2500,0.00610804557800293
merge1,2500,0.006148815155029297
merge1,2500,0.00621795654296875
merge1,2500,0.006247997283935547
merge1,2500,0.0070269107818603516
merge1,2500,0.007598161697387695
merge1,2500,0.006845235824584961
merge1,2500,0.0064241886138916016
merge1,2500,0.006259918212890625
merge1,2500,0.006479740142822266
merge1,2500,0.010129213333129883
merge1,2500,0.006203889846801758
merge1,2500,0.006078004837036133
merge1,2500,0.0061948299407958984
merge1,2500,0.0062139034271240234
merge1,2500,0.0061190128326416016
merge1,2500,0.006194114685058594
merge1,2500,0.0061969757080078125
merge1,2500,0.006134033203125
merge1,2500,0.006093740463256836
merge1,2500,0.006092071533203125
merge1,2500,0.006054878234863281
merge1,2500,0.006074190139770508
merge1,2500,0.0061359405517578125
merge1,2500,0.006139993667602539
merge1,2500,0.006185054779052734
merge1,2500,0.006144046783447266
merge1,2500,0.006217002868652344
merge1,2500,0.006162166595458984
merge1,2500,0.00621485710144043
merge1,2500,0.006175994873046875
merge1,2500,0.006201028823852539
merge1,2500,0.006140947341918945
merge1,2500,0.006145000457763672
merge1,2500,0.006215095520019531
merge1,2500,0.0061991214752197266
merge1,2500,0.00616002082824707
merge1,2500,0.006165027618408203
merge1,2500,0.0062139034271240234
merge1,2500,0.006189823150634766
merge1,2500,0.006216764450073242
merge1,2500,0.006213188171386719
merge1,2500,0.006212949752807617
merge1,2500,0.006038188934326172
merge1,2500,0.006163835525512695
merge1,2500,0.006351947784423828
merge1,2500,0.006223917007446289
merge1,2500,0.006230831146240234
merge1,2500,0.006140232086181641
merge1,2500,0.006023883819580078
merge1,2500,0.006003141403198242
merge1,2500,0.005981922149658203
merge1,2500,0.006016969680786133
merge1,2500,0.006036996841430664
merge1,2500,0.006097078323364258
merge1,2500,0.00611424446105957
merge1,2500,0.00609898567199707
merge1,2500,0.00605010986328125
merge1,2500,0.006061077117919922
merge1,2500,0.0060160160064697266
merge1,2500,0.006016969680786133
merge1,2500,0.005990266799926758
merge1,2500,0.006017923355102539
merge1,2500,0.006001949310302734
merge1,2500,0.0059969425201416016
merge1,2500,0.006013154983520508
merge1,2500,0.005965232849121094
merge1,2500,0.006006956100463867
merge1,2500,0.006033897399902344
merge1,2500,0.006003856658935547
merge1,2500,0.0059967041015625
merge1,2500,0.006097078323364258
merge1,2500,0.006006002426147461
merge1,2500,0.006016969680786133
merge1,2500,0.00605010986328125
partition_sort,2500,0.0030689239501953125
partition_sort,2500,0.0030221939086914062
partition_sort,2500,0.002976655960083008
partition_sort,2500,0.0029709339141845703
partition_sort,2500,0.0029768943786621094
partition_sort,2500,0.0029540061950683594
partition_sort,2500,0.002959728240966797
partition_sort,2500,0.0029790401458740234
partition_sort,2500,0.002964019775390625
partition_sort,2500,0.002986907958984375
partition_sort,2500,0.0029249191284179688
partition_sort,2500,0.0028531551361083984
partition_sort,2500,0.002850055694580078
partition_sort,2500,0.0028481483459472656
partition_sort,2500,0.0028429031372070312
partition_sort,2500,0.0028581619262695312
partition_sort,2500,0.003930091857910156
partition_sort,2500,0.0030870437622070312
partition_sort,2500,0.0030450820922851562
partition_sort,2500,0.003061056137084961
partition_sort,2500,0.003075838088989258
partition_sort,2500,0.003062725067138672
partition_sort,2500,0.003058195114135742
partition_sort,2500,0.003011941909790039
partition_sort,2500,0.0029630661010742188
partition_sort,2500,0.0030050277709960938
partition_sort,2500,0.003083944320678711
partition_sort,2500,0.003654956817626953
partition_sort,2500,0.004565000534057617
partition_sort,2500,0.002888917922973633
partition_sort,2500,0.002869129180908203
partition_sort,2500,0.0029168128967285156
partition_sort,2500,0.0028929710388183594
partition_sort,2500,0.0028591156005859375
partition_sort,2500,0.0028638839721679688
partition_sort,2500,0.002850055694580078
partition_sort,2500,0.0028591156005859375
partition_sort,2500,0.0028591156005859375
partition_sort,2500,0.0028548240661621094
partition_sort,2500,0.00286102294921875
partition_sort,2500,0.0028591156005859375
partition_sort,2500,0.0028638839721679688
partition_sort,2500,0.002872943878173828
partition_sort,2500,0.0028591156005859375
partition_sort,2500,0.0028662681579589844
partition_sort,2500,0.0028579235076904297
partition_sort,2500,0.002853870391845703
partition_sort,2500,0.002853870391845703
partition_sort,2500,0.002849102020263672
partition_sort,2500,0.0028600692749023438
partition_sort,2500,0.0028429031372070312
partition_sort,2500,0.002844095230102539
partition_sort,2500,0.002841949462890625
partition_sort,2500,0.002832174301147461
partition_sort,2500,0.002855062484741211
partition_sort,2500,0.0028378963470458984
partition_sort,2500,0.002849102020263672
partition_sort,2500,0.002852916717529297
partition_sort,2500,0.002839803695678711
partition_sort,2500,0.002850055694580078
partition_sort,2500,0.0028390884399414062
partition_sort,2500,0.002843141555786133
partition_sort,2500,0.0028526782989501953
partition_sort,2500,0.002833127975463867
partition_sort,2500,0.002852201461791992
partition_sort,2500,0.002846956253051758
partition_sort,2500,0.002844095230102539
partition_sort,2500,0.0028569698333740234
partition_sort,2500,0.0028679370880126953
partition_sort,2500,0.002851247787475586
partition_sort,2500,0.0028488636016845703
partition_sort,2500,0.0028259754180908203
partition_sort,2500,0.0028450489044189453
partition_sort,2500,0.0028438568115234375
partition_sort,2500,0.002850055694580078
partition_sort,2500,0.002863168716430664
partition_sort,2500,0.0028531551361083984
partition_sort,2500,0.0028579235076904297
partition_sort,2500,0.0028569698333740234
partition_sort,2500,0.0028541088104248047
partition_sort,2500,0.002862215042114258
partition_sort,2500,0.002850770950317383
partition_sort,2500,0.002871990203857422
partition_sort,2500,0.0028421878814697266
partition_sort,2500,0.0028429031372070312
partition_sort,2500,0.002841949462890625
partition_sort,2500,0.0028579235076904297
partition_sort,2500,0.002841949462890625
partition_sort,2500,0.0028409957885742188
partition_sort,2500,0.002838134765625
partition_sort,2500,0.0028400421142578125
partition_sort,2500,0.002841949462890625
partition_sort,2500,0.0028307437896728516
partition_sort,2500,0.002863168716430664
partition_sort,2500,0.0028259754180908203
partition_sort,2500,0.0033609867095947266
partition_sort,2500,0.003203153610229492
partition_sort,2500,0.003057718276977539
partition_sort,2500,0.00316619873046875
partition_sort,2500,0.00308990478515625
qs1,10000,0.01817798614501953
qs1,10000,0.020498037338256836
qs1,10000,0.016728878021240234
qs1,10000,0.01644301414489746
qs1,10000,0.01658773422241211
qs1,10000,0.016834020614624023
qs1,10000,0.01684880256652832
qs1,10000,0.016747236251831055
qs1,10000,0.01668405532836914
qs1,10000,0.016722917556762695
qs1,10000,0.016621112823486328
qs1,10000,0.017401933670043945
qs1,10000,0.01715993881225586
qs1,10000,0.0203859806060791
qs1,10000,0.018088817596435547
qs1,10000,0.019427776336669922
qs1,10000,0.01669478416442871
qs1,10000,0.016675233840942383
qs1,10000,0.016585111618041992
qs1,10000,0.01672983169555664
qs1,10000,0.016668081283569336
qs1,10000,0.016424894332885742
qs1,10000,0.01660895347595215
qs1,10000,0.01655101776123047
qs1,10000,0.01660895347595215
qs1,10000,0.016519784927368164
qs1,10000,0.01660919189453125
qs1,10000,0.017802953720092773
qs1,10000,0.018535137176513672
qs1,10000,0.0202176570892334
qs1,10000,0.01707291603088379
qs1,10000,0.016810178756713867
qs1,10000,0.016798973083496094
qs1,10000,0.016764163970947266
qs1,10000,0.016958951950073242
qs1,10000,0.016870975494384766
qs1,10000,0.01694798469543457
qs1,10000,0.01665806770324707
qs1,10000,0.01694798469543457
qs1,10000,0.016461610794067383
qs1,10000,0.016788005828857422
qs1,10000,0.016654014587402344
qs1,10000,0.01810312271118164
qs1,10000,0.017756223678588867
qs1,10000,0.02033400535583496
qs1,10000,0.016561031341552734
qs1,10000,0.01685190200805664
qs1,10000,0.0168001651763916
qs1,10000,0.016707181930541992
qs1,10000,0.016868114471435547
qs1,10000,0.016697168350219727
qs1,10000,0.016656875610351562
qs1,10000,0.01642012596130371
qs1,10000,0.016885995864868164
qs1,10000,0.0168759822845459
qs1,10000,0.016672134399414062
qs1,10000,0.017760038375854492
qs1,10000,0.018188953399658203
qs1,10000,0.01960611343383789
qs1,10000,0.01653289794921875
qs1,10000,0.016650915145874023
qs1,10000,0.016758203506469727
qs1,10000,0.016780853271484375
qs1,10000,0.016765356063842773
qs1,10000,0.016893863677978516
qs1,10000,0.0165250301361084
qs1,10000,0.016756296157836914
qs1,10000,0.01666116714477539
qs1,10000,0.016537189483642578
qs1,10000,0.017442703247070312
qs1,10000,0.018680095672607422
qs1,10000,0.018157005310058594
qs1,10000,0.02118515968322754
qs1,10000,0.016785860061645508
qs1,10000,0.017008066177368164
qs1,10000,0.016583919525146484
qs1,10000,0.016739845275878906
qs1,10000,0.01673293113708496
qs1,10000,0.01650214195251465
qs1,10000,0.016761064529418945
qs1,10000,0.016269207000732422
qs1,10000,0.016921281814575195
qs1,10000,0.016806840896606445
qs1,10000,0.016925811767578125
qs1,10000,0.016547679901123047
qs1,10000,0.018373966217041016
qs1,10000,0.017715930938720703
qs1,10000,0.0205991268157959
qs1,10000,0.01649308204650879
qs1,10000,0.016473054885864258
qs1,10000,0.01676797866821289
qs1,10000,0.016978740692138672
qs1,10000,0.016736984252929688
qs1,10000,0.016451120376586914
qs1,10000,0.01664900779724121
qs1,10000,0.016837120056152344
qs1,10000,0.01642584800720215
qs1,10000,0.016591787338256836
qs1,10000,0.016485929489135742
qs1,10000,0.018509626388549805
qs2,10000,0.025178909301757812
qs2,10000,0.026388883590698242
qs2,10000,0.02304387092590332
qs2,10000,0.022213220596313477
qs2,10000,0.02201986312866211
qs2,10000,0.022127151489257812
qs2,10000,0.022006988525390625
qs2,10000,0.02275395393371582
qs2,10000,0.022390127182006836
qs2,10000,0.02225780487060547
qs2,10000,0.024151086807250977
qs2,10000,0.024184703826904297
qs2,10000,0.0257110595703125
qs2,10000,0.022243976593017578
qs2,10000,0.023136138916015625
qs2,10000,0.022557973861694336
qs2,10000,0.02246713638305664
qs2,10000,0.02292490005493164
qs2,10000,0.022485971450805664
qs2,10000,0.024110078811645508
qs2,10000,0.024322032928466797
qs2,10000,0.02440190315246582
qs2,10000,0.026473045349121094
qs2,10000,0.0227510929107666
qs2,10000,0.022224903106689453
qs2,10000,0.023061037063598633
qs2,10000,0.0223238468170166
qs2,10000,0.022194862365722656
qs2,10000,0.023334026336669922
qs2,10000,0.022568941116333008
qs2,10000,0.023084163665771484
qs2,10000,0.02372884750366211
qs2,10000,0.023958921432495117
qs2,10000,0.025641918182373047
qs2,10000,0.023123979568481445
qs2,10000,0.022515058517456055
qs2,10000,0.02250504493713379
qs2,10000,0.022595882415771484
qs2,10000,0.02277398109436035
qs2,10000,0.023588180541992188
qs2,10000,0.023142337799072266
qs2,10000,0.022694826126098633
qs2,10000,0.02524089813232422
qs2,10000,0.02532672882080078
qs2,10000,0.024272918701171875
qs2,10000,0.021724939346313477
qs2,10000,0.02307915687561035
qs2,10000,0.022523164749145508
qs2,10000,0.022956132888793945
qs2,10000,0.022418975830078125
qs2,10000,0.02271413803100586
qs2,10000,0.022501707077026367
qs2,10000,0.022141218185424805
qs2,10000,0.025394916534423828
qs2,10000,0.026385068893432617
qs2,10000,0.022986888885498047
qs2,10000,0.022333860397338867
qs2,10000,0.021844148635864258
qs2,10000,0.022135019302368164
qs2,10000,0.021893739700317383
qs2,10000,0.022279977798461914
qs2,10000,0.022993087768554688
qs2,10000,0.022753000259399414
qs2,10000,0.02544403076171875
qs2,10000,0.02410602569580078
qs2,10000,0.025657176971435547
qs2,10000,0.02223992347717285
qs2,10000,0.02266407012939453
qs2,10000,0.022630929946899414
qs2,10000,0.022053956985473633
qs2,10000,0.022728919982910156
qs2,10000,0.022088289260864258
qs2,10000,0.022510766983032227
qs2,10000,0.02211785316467285
qs2,10000,0.023732900619506836
qs2,10000,0.024899959564208984
qs2,10000,0.02593517303466797
qs2,10000,0.021947860717773438
qs2,10000,0.022614002227783203
qs2,10000,0.02217698097229004
qs2,10000,0.022565841674804688
qs2,10000,0.022567272186279297
qs2,10000,0.023357152938842773
qs2,10000,0.022927284240722656
qs2,10000,0.024119853973388672
qs2,10000,0.02515697479248047
qs2,10000,0.0272829532623291
qs2,10000,0.023021936416625977
qs2,10000,0.023432016372680664
qs2,10000,0.022686004638671875
qs2,10000,0.02344822883605957
qs2,10000,0.02291107177734375
qs2,10000,0.02243185043334961
qs2,10000,0.02260875701904297
qs2,10000,0.02301192283630371
qs2,10000,0.02318406105041504
qs2,10000,0.024059772491455078
qs2,10000,0.027006149291992188
qs2,10000,0.022598743438720703
qs2,10000,0.02251601219177246
qs3,10000,0.022753000259399414
qs3,10000,0.022899866104125977
qs3,10000,0.023018836975097656
qs3,10000,0.023552894592285156
qs3,10000,0.023075103759765625
qs3,10000,0.02286386489868164
qs3,10000,0.02484893798828125
qs3,10000,0.027254819869995117
qs3,10000,0.023060083389282227
qs3,10000,0.022864103317260742
qs3,10000,0.023142337799072266
qs3,10000,0.023730039596557617
qs3,10000,0.02377796173095703
qs3,10000,0.022787094116210938
qs3,10000,0.022969722747802734
qs3,10000,0.02291417121887207
qs3,10000,0.024306774139404297
qs3,10000,0.02457904815673828
qs3,10000,0.025659799575805664
qs3,10000,0.02303481101989746
qs3,10000,0.022146940231323242
qs3,10000,0.02277088165283203
qs3,10000,0.022423982620239258
qs3,10000,0.022738218307495117
qs3,10000,0.02217698097229004
qs3,10000,0.022882699966430664
qs3,10000,0.02288198471069336
qs3,10000,0.024491071701049805
qs3,10000,0.024859905242919922
qs3,10000,0.02531576156616211
qs3,10000,0.023307085037231445
qs3,10000,0.022930145263671875
qs3,10000,0.023331165313720703
qs3,10000,0.02466893196105957
qs3,10000,0.023044109344482422
qs3,10000,0.02314591407775879
qs3,10000,0.022617101669311523
qs3,10000,0.023693084716796875
qs3,10000,0.0254518985748291
qs3,10000,0.025899887084960938
qs3,10000,0.02317070960998535
qs3,10000,0.022410869598388672
qs3,10000,0.02247905731201172
qs3,10000,0.023070096969604492
qs3,10000,0.022290945053100586
qs3,10000,0.02321791648864746
qs3,10000,0.024169921875
qs3,10000,0.022895097732543945
qs3,10000,0.026538848876953125
qs3,10000,0.025613784790039062
qs3,10000,0.02387094497680664
qs3,10000,0.024364948272705078
qs3,10000,0.022922039031982422
qs3,10000,0.02274465560913086
qs3,10000,0.022968053817749023
qs3,10000,0.02261805534362793
qs3,10000,0.023367881774902344
qs3,10000,0.02289891242980957
qs3,10000,0.022938966751098633
qs3,10000,0.024551868438720703
qs3,10000,0.027324199676513672
qs3,10000,0.022722959518432617
qs3,10000,0.02307605743408203
qs3,10000,0.022294998168945312
qs3,10000,0.02288365364074707
qs3,10000,0.02265191078186035
qs3,10000,0.022230148315429688
qs3,10000,0.023008108139038086
qs3,10000,0.02259516716003418
qs3,10000,0.026156187057495117
qs3,10000,0.025227069854736328
qs3,10000,0.025005102157592773
qs3,10000,0.0229949951171875
qs3,10000,0.023506879806518555
qs3,10000,0.023161888122558594
qs3,10000,0.023638010025024414
qs3,10000,0.0237729549407959
qs3,10000,0.023173093795776367
qs3,10000,0.022933006286621094
qs3,10000,0.02364492416381836
qs3,10000,0.025141000747680664
qs3,10000,0.027019023895263672
qs3,10000,0.022653818130493164
qs3,10000,0.022692203521728516
qs3,10000,0.02217698097229004
qs3,10000,0.022526979446411133
qs3,10000,0.022631168365478516
qs3,10000,0.023625850677490234
qs3,10000,0.02403402328491211
qs3,10000,0.022748947143554688
qs3,10000,0.024828195571899414
qs3,10000,0.024533987045288086
qs3,10000,0.025732994079589844
qs3,10000,0.022344112396240234
qs3,10000,0.023454904556274414
qs3,10000,0.022906064987182617
qs3,10000,0.024336814880371094
qs3,10000,0.023604154586791992
qs3,10000,0.02286386489868164
qs3,10000,0.022542238235473633
qs4,10000,0.030508756637573242
qs4,10000,0.02778482437133789
qs4,10000,0.02994990348815918
qs4,10000,0.02784419059753418
qs4,10000,0.029003620147705078
qs4,10000,0.02774190902709961
qs4,10000,0.029014110565185547
qs4,10000,0.027054786682128906
qs4,10000,0.02782893180847168
qs4,10000,0.030665874481201172
qs4,10000,0.032643795013427734
qs4,10000,0.02868795394897461
qs4,10000,0.0282900333404541
qs4,10000,0.0269467830657959
qs4,10000,0.03234505653381348
qs4,10000,0.03240489959716797
qs4,10000,0.028192996978759766
qs4,10000,0.030435800552368164
qs4,10000,0.03098893165588379
qs4,10000,0.03261208534240723
qs4,10000,0.029213905334472656
qs4,10000,0.030312776565551758
qs4,10000,0.026964902877807617
qs4,10000,0.027135133743286133
qs4,10000,0.027765989303588867
qs4,10000,0.029265165328979492
qs4,10000,0.0329287052154541
qs4,10000,0.0364987850189209
qs4,10000,0.029957294464111328
qs4,10000,0.02793598175048828
qs4,10000,0.02886223793029785
qs4,10000,0.028129100799560547
qs4,10000,0.028548002243041992
qs4,10000,0.027734041213989258
qs4,10000,0.030938148498535156
qs4,10000,0.03122997283935547
qs4,10000,0.02803206443786621
qs4,10000,0.030161142349243164
qs4,10000,0.028404951095581055
qs4,10000,0.027477025985717773
qs4,10000,0.02727985382080078
qs4,10000,0.027545928955078125
qs4,10000,0.029466867446899414
qs4,10000,0.030184030532836914
qs4,10000,0.03139376640319824
qs4,10000,0.027235984802246094
qs4,10000,0.028013944625854492
qs4,10000,0.02900409698486328
qs4,10000,0.02614593505859375
qs4,10000,0.02749490737915039
qs4,10000,0.027019977569580078
qs4,10000,0.02820897102355957
qs4,10000,0.031629085540771484
qs4,10000,0.030522823333740234
qs4,10000,0.027177810668945312
qs4,10000,0.03249979019165039
qs4,10000,0.02842998504638672
qs4,10000,0.03085613250732422
qs4,10000,0.028625965118408203
qs4,10000,0.027347087860107422
qs4,10000,0.030987977981567383
qs4,10000,0.031049251556396484
qs4,10000,0.02762889862060547
qs4,10000,0.03026294708251953
qs4,10000,0.027083873748779297
qs4,10000,0.027537822723388672
qs4,10000,0.028287172317504883
qs4,10000,0.028072118759155273
qs4,10000,0.030375003814697266
qs4,10000,0.02959918975830078
qs4,10000,0.03127408027648926
qs4,10000,0.026837825775146484
qs4,10000,0.02902698516845703
qs4,10000,0.027420759201049805
qs4,10000,0.02764892578125
qs4,10000,0.027598142623901367
qs4,10000,0.028467893600463867
qs4,10000,0.030556917190551758
qs4,10000,0.033100128173828125
qs4,10000,0.027882099151611328
qs4,10000,0.03021073341369629
qs4,10000,0.02808094024658203
qs4,10000,0.026488780975341797
qs4,10000,0.03018784523010254
qs4,10000,0.026870012283325195
qs4,10000,0.028617143630981445
qs4,10000,0.030579805374145508
qs4,10000,0.02890300750732422
qs4,10000,0.02715754508972168
qs4,10000,0.031003236770629883
qs4,10000,0.029400110244750977
qs4,10000,0.03025674819946289
qs4,10000,0.02723097801208496
qs4,10000,0.029554128646850586
qs4,10000,0.029964923858642578
qs4,10000,0.03290271759033203
qs4,10000,0.02760481834411621
qs4,10000,0.026381254196166992
qs4,10000,0.02725696563720703
qs4,10000,0.027434825897216797
qs5,10000,0.02634596824645996
qs5,10000,0.025696992874145508
qs5,10000,0.025305986404418945
qs5,10000,0.026998043060302734
qs5,10000,0.027374744415283203
qs5,10000,0.0277249813079834
qs5,10000,0.025256872177124023
qs5,10000,0.026242971420288086
qs5,10000,0.02545309066772461
qs5,10000,0.025973081588745117
qs5,10000,0.026221036911010742
qs5,10000,0.025992870330810547
qs5,10000,0.025532960891723633
qs5,10000,0.028548240661621094
qs5,10000,0.028677940368652344
qs5,10000,0.026105880737304688
qs5,10000,0.025949954986572266
qs5,10000,0.02571702003479004
qs5,10000,0.026221036911010742
qs5,10000,0.025908946990966797
qs5,10000,0.026435136795043945
qs5,10000,0.025417804718017578
qs5,10000,0.028584957122802734
qs5,10000,0.02965712547302246
qs5,10000,0.025259017944335938
qs5,10000,0.026146888732910156
qs5,10000,0.02671194076538086
qs5,10000,0.026308774948120117
qs5,10000,0.026131391525268555
qs5,10000,0.025858163833618164
qs5,10000,0.02614617347717285
qs5,10000,0.02694988250732422
qs5,10000,0.026953935623168945
qs5,10000,0.027729034423828125
qs5,10000,0.025812864303588867
qs5,10000,0.025630950927734375
qs5,10000,0.026144981384277344
qs5,10000,0.025615930557250977
qs5,10000,0.026227951049804688
qs5,10000,0.026266813278198242
qs5,10000,0.0257110595703125
qs5,10000,0.027502059936523438
qs5,10000,0.02885603904724121
qs5,10000,0.026279926300048828
qs5,10000,0.025722265243530273
qs5,10000,0.026134014129638672
qs5,10000,0.026182889938354492
qs5,10000,0.025368213653564453
qs5,10000,0.026047945022583008
qs5,10000,0.02555680274963379
qs5,10000,0.0270230770111084
qs5,10000,0.027148008346557617
qs5,10000,0.028160810470581055
qs5,10000,0.026024341583251953
qs5,10000,0.026010751724243164
qs5,10000,0.02582383155822754
qs5,10000,0.026606082916259766
qs5,10000,0.02606797218322754
qs5,10000,0.02637481689453125
qs5,10000,0.0260312557220459
qs5,10000,0.028172016143798828
qs5,10000,0.029079914093017578
qs5,10000,0.025527000427246094
qs5,10000,0.02535700798034668
qs5,10000,0.026163816452026367
qs5,10000,0.026716947555541992
qs5,10000,0.025454044342041016
qs5,10000,0.02575993537902832
qs5,10000,0.025978803634643555
qs5,10000,0.028631925582885742
qs5,10000,0.028992891311645508
qs5,10000,0.0255889892578125
qs5,10000,0.025349140167236328
qs5,10000,0.025455951690673828
qs5,10000,0.025418996810913086
qs5,10000,0.025150060653686523
qs5,10000,0.025587081909179688
qs5,10000,0.025530099868774414
qs5,10000,0.02511882781982422
qs5,10000,0.028377056121826172
qs5,10000,0.028445959091186523
qs5,10000,0.025352001190185547
qs5,10000,0.025542259216308594
qs5,10000,0.02531886100769043
qs5,10000,0.025262832641601562
qs5,10000,0.025397062301635742
qs5,10000,0.025521039962768555
qs5,10000,0.02565598487854004
qs5,10000,0.02806687355041504
qs5,10000,0.02768707275390625
qs5,10000,0.026699066162109375
qs5,10000,0.025376081466674805
qs5,10000,0.025719165802001953
qs5,10000,0.025197982788085938
qs5,10000,0.0258638858795166
qs5,10000,0.026003122329711914
qs5,10000,0.02545785903930664
qs5,10000,0.0266878604888916
qs5,10000,0.029537200927734375
qs5,10000,0.02943277359008789
merge1,10000,0.027507781982421875
merge1,10000,0.027640104293823242
merge1,10000,0.02765202522277832
merge1,10000,0.028668880462646484
merge1,10000,0.027579784393310547
merge1,10000,0.027578115463256836
merge1,10000,0.02908492088317871
merge1,10000,0.030179977416992188
merge1,10000,0.031347036361694336
merge1,10000,0.027662038803100586
merge1,10000,0.027626991271972656
merge1,10000,0.027598857879638672
merge1,10000,0.027508020401000977
merge1,10000,0.02748417854309082
merge1,10000,0.027580976486206055
merge1,10000,0.029767990112304688
merge1,10000,0.03165888786315918
merge1,10000,0.02762889862060547
merge1,10000,0.027493953704833984
merge1,10000,0.027595996856689453
merge1,10000,0.02756214141845703
merge1,10000,0.02776503562927246
merge1,10000,0.02783203125
merge1,10000,0.027595996856689453
merge1,10000,0.02999281883239746
merge1,10000,0.031580209732055664
merge1,10000,0.02812814712524414
merge1,10000,0.02804398536682129
merge1,10000,0.028124094009399414
merge1,10000,0.028100967407226562
merge1,10000,0.02809286117553711
merge1,10000,0.02807927131652832
merge1,10000,0.029701948165893555
merge1,10000,0.029747962951660156
merge1,10000,0.031157970428466797
merge1,10000,0.028253793716430664
merge1,10000,0.028217077255249023
merge1,10000,0.028570175170898438
merge1,10000,0.027843713760375977
merge1,10000,0.027645111083984375
merge1,10000,0.02756476402282715
merge1,10000,0.030402183532714844
merge1,10000,0.030212879180908203
merge1,10000,0.029661893844604492
merge1,10000,0.027587175369262695
merge1,10000,0.027532577514648438
merge1,10000,0.02756214141845703
merge1,10000,0.02754688262939453
merge1,10000,0.02757406234741211
merge1,10000,0.027508974075317383
merge1,10000,0.031636953353881836
merge1,10000,0.030760765075683594
merge1,10000,0.02797389030456543
merge1,10000,0.02806687355041504
merge1,10000,0.02769923210144043
merge1,10000,0.027610063552856445
merge1,10000,0.027518033981323242
merge1,10000,0.027559995651245117
merge1,10000,0.027477025985717773
merge1,10000,0.030515193939208984
merge1,10000,0.030692100524902344
merge1,10000,0.027552127838134766
merge1,10000,0.027580738067626953
merge1,10000,0.027531862258911133
merge1,10000,0.027544021606445312
merge1,10000,0.02759385108947754
merge1,10000,0.02757096290588379
merge1,10000,0.02883315086364746
merge1,10000,0.029340744018554688
merge1,10000,0.03087902069091797
merge1,10000,0.027543067932128906
merge1,10000,0.028126001358032227
merge1,10000,0.02821803092956543
merge1,10000,0.027776718139648438
merge1,10000,0.028069019317626953
merge1,10000,0.028093814849853516
merge1,10000,0.02962779998779297
merge1,10000,0.03178000450134277
merge1,10000,0.027662992477416992
merge1,10000,0.027734041213989258
merge1,10000,0.027591943740844727
merge1,10000,0.027478933334350586
merge1,10000,0.027554035186767578
merge1,10000,0.027632951736450195
merge1,10000,0.02773284912109375
merge1,10000,0.029627084732055664
merge1,10000,0.031710147857666016
merge1,10000,0.02762603759765625
merge1,10000,0.027731895446777344
merge1,10000,0.02773594856262207
merge1,10000,0.027583837509155273
merge1,10000,0.027824878692626953
merge1,10000,0.02766585350036621
merge1,10000,0.027640819549560547
merge1,10000,0.030118227005004883
merge1,10000,0.03140711784362793
merge1,10000,0.027715206146240234
merge1,10000,0.02764296531677246
merge1,10000,0.027605056762695312
merge1,10000,0.027705907821655273
partition_sort,10000,0.011693954467773438
partition_sort,10000,0.011556148529052734
partition_sort,10000,0.011574983596801758
partition_sort,10000,0.011605024337768555
partition_sort,10000,0.011578083038330078
partition_sort,10000,0.011591911315917969
partition_sort,10000,0.01157999038696289
partition_sort,10000,0.013464927673339844
partition_sort,10000,0.012443065643310547
partition_sort,10000,0.012858867645263672
partition_sort,10000,0.013662099838256836
partition_sort,10000,0.011619806289672852
partition_sort,10000,0.011609077453613281
partition_sort,10000,0.012005329132080078
partition_sort,10000,0.012413978576660156
partition_sort,10000,0.012516975402832031
partition_sort,10000,0.01237034797668457
partition_sort,10000,0.012312889099121094
partition_sort,10000,0.01222991943359375
partition_sort,10000,0.012147903442382812
partition_sort,10000,0.012184619903564453
partition_sort,10000,0.012288808822631836
partition_sort,10000,0.012279987335205078
partition_sort,10000,0.01253199577331543
partition_sort,10000,0.012389659881591797
partition_sort,10000,0.012156963348388672
partition_sort,10000,0.014445781707763672
partition_sort,10000,0.012820959091186523
partition_sort,10000,0.012478828430175781
partition_sort,10000,0.017019271850585938
partition_sort,10000,0.012348175048828125
partition_sort,10000,0.01229405403137207
partition_sort,10000,0.012279033660888672
partition_sort,10000,0.012251138687133789
partition_sort,10000,0.012296199798583984
partition_sort,10000,0.012378215789794922
partition_sort,10000,0.01241922378540039
partition_sort,10000,0.012172222137451172
partition_sort,10000,0.012531042098999023
partition_sort,10000,0.012380123138427734
partition_sort,10000,0.011924982070922852
partition_sort,10000,0.01193380355834961
partition_sort,10000,0.011978864669799805
partition_sort,10000,0.01204991340637207
partition_sort,10000,0.011991024017333984
partition_sort,10000,0.012026071548461914
partition_sort,10000,0.011942148208618164
partition_sort,10000,0.011924028396606445
partition_sort,10000,0.01192784309387207
partition_sort,10000,0.011919021606445312
partition_sort,10000,0.011919021606445312
partition_sort,10000,0.011940717697143555
partition_sort,10000,0.01190495491027832
partition_sort,10000,0.012029886245727539
partition_sort,10000,0.011966943740844727
partition_sort,10000,0.012033224105834961
partition_sort,10000,0.011812925338745117
partition_sort,10000,0.011756658554077148
partition_sort,10000,0.011754035949707031
partition_sort,10000,0.011747121810913086
partition_sort,10000,0.011806011199951172
partition_sort,10000,0.011764049530029297
partition_sort,10000,0.011739015579223633
partition_sort,10000,0.011788129806518555
partition_sort,10000,0.01179194450378418
partition_sort,10000,0.011800765991210938
partition_sort,10000,0.013380765914916992
partition_sort,10000,0.012639999389648438
partition_sort,10000,0.012331008911132812
partition_sort,10000,0.014502763748168945
partition_sort,10000,0.011749982833862305
partition_sort,10000,0.011783123016357422
partition_sort,10000,0.011875152587890625
partition_sort,10000,0.011844873428344727
partition_sort,10000,0.011855840682983398
partition_sort,10000,0.011825799942016602
partition_sort,10000,0.011802911758422852
partition_sort,10000,0.011807918548583984
partition_sort,10000,0.011761903762817383
partition_sort,10000,0.011819124221801758
partition_sort,10000,0.011811971664428711
partition_sort,10000,0.011816978454589844
partition_sort,10000,0.011761903762817383
partition_sort,10000,0.011778116226196289
partition_sort,10000,0.011838436126708984
partition_sort,10000,0.011795997619628906
partition_sort,10000,0.011792182922363281
partition_sort,10000,0.013317108154296875
partition_sort,10000,0.012389898300170898
partition_sort,10000,0.012995719909667969
partition_sort,10000,0.013039827346801758
partition_sort,10000,0.011734247207641602
partition_sort,10000,0.01180410385131836
partition_sort,10000,0.011754989624023438
partition_sort,10000,0.011932849884033203
partition_sort,10000,0.012222051620483398
partition_sort,10000,0.011797666549682617
partition_sort,10000,0.011687755584716797
partition_sort,10000,0.011846780776977539
partition_sort,10000,0.011620044708251953
qs1,20000,0.0312650203704834
qs1,20000,0.03143119812011719
qs1,20000,0.032807111740112305
qs1,20000,0.03637075424194336
qs1,20000,0.031434059143066406
qs1,20000,0.03177237510681152
qs1,20000,0.031053781509399414
qs1,20000,0.031116008758544922
qs1,20000,0.030913829803466797
qs1,20000,0.03098917007446289
qs1,20000,0.03274106979370117
qs1,20000,0.03583097457885742
qs1,20000,0.03140091896057129
qs1,20000,0.03186678886413574
qs1,20000,0.031839847564697266
qs1,20000,0.031708717346191406
qs1,20000,0.031482696533203125
qs1,20000,0.0314481258392334
qs1,20000,0.03399085998535156
qs1,20000,0.03528022766113281
qs1,20000,0.031358957290649414
qs1,20000,0.03145289421081543
qs1,20000,0.031363725662231445
qs1,20000,0.031907081604003906
qs1,20000,0.03177785873413086
qs1,20000,0.0323178768157959
qs1,20000,0.03310799598693848
qs1,20000,0.03413200378417969
qs1,20000,0.031836748123168945
qs1,20000,0.03161191940307617
qs1,20000,0.031222105026245117
qs1,20000,0.03102898597717285
qs1,20000,0.03087902069091797
qs1,20000,0.032666921615600586
qs1,20000,0.03590083122253418
qs1,20000,0.03136587142944336
qs1,20000,0.03141188621520996
qs1,20000,0.030843257904052734
qs1,20000,0.030748844146728516
qs1,20000,0.031030654907226562
qs1,20000,0.030605792999267578
qs1,20000,0.033232927322387695
qs1,20000,0.035745859146118164
qs1,20000,0.030601978302001953
qs1,20000,0.03063178062438965
qs1,20000,0.03087592124938965
qs1,20000,0.031417131423950195
qs1,20000,0.030890941619873047
qs1,20000,0.03136491775512695
qs1,20000,0.03380393981933594
qs1,20000,0.035459041595458984
qs1,20000,0.03162813186645508
qs1,20000,0.031252145767211914
qs1,20000,0.030930757522583008
qs1,20000,0.031132936477661133
qs1,20000,0.03021097183227539
qs1,20000,0.0353999137878418
qs1,20000,0.0445561408996582
qs1,20000,0.03261399269104004
qs1,20000,0.03223299980163574
qs1,20000,0.031213045120239258
qs1,20000,0.030766010284423828
qs1,20000,0.03202199935913086
qs1,20000,0.03218483924865723
qs1,20000,0.04337906837463379
qs1,20000,0.03934788703918457
qs1,20000,0.03291893005371094
qs1,20000,0.0315399169921875
qs1,20000,0.03215599060058594
qs1,20000,0.03260493278503418
qs1,20000,0.032958030700683594
qs1,20000,0.03490471839904785
qs1,20000,0.035343170166015625
qs1,20000,0.030825138092041016
qs1,20000,0.030974864959716797
qs1,20000,0.03051900863647461
qs1,20000,0.03133893013000488
qs1,20000,0.03062295913696289
qs1,20000,0.030704021453857422
qs1,20000,0.03385615348815918
qs1,20000,0.03516793251037598
qs1,20000,0.030968904495239258
qs1,20000,0.031139612197875977
qs1,20000,0.031082868576049805
qs1,20000,0.03094196319580078
qs1,20000,0.030514955520629883
qs1,20000,0.030823230743408203
qs1,20000,0.033815860748291016
qs1,20000,0.03519415855407715
qs1,20000,0.0323488712310791
qs1,20000,0.033049821853637695
qs1,20000,0.031769752502441406
qs1,20000,0.031831979751586914
qs1,20000,0.03210091590881348
qs1,20000,0.032958984375
qs1,20000,0.035572052001953125
qs1,20000,0.031150102615356445
qs1,20000,0.03144502639770508
qs1,20000,0.03138923645019531
qs1,20000,0.0316929817199707
qs2,20000,0.04435896873474121
qs2,20000,0.047661781311035156
qs2,20000,0.047992706298828125
qs2,20000,0.04398608207702637
qs2,20000,0.04523897171020508
qs2,20000,0.04513096809387207
qs2,20000,0.04448103904724121
qs2,20000,0.04966402053833008
qs2,20000,0.0447080135345459
qs2,20000,0.04304790496826172
qs2,20000,0.044554948806762695
qs2,20000,0.042629241943359375
qs2,20000,0.044936180114746094
qs2,20000,0.04964089393615723
qs2,20000,0.045775651931762695
qs2,20000,0.04403495788574219
qs2,20000,0.043244123458862305
qs2,20000,0.044693946838378906
qs2,20000,0.05013012886047363
qs2,20000,0.04684591293334961
qs2,20000,0.045648813247680664
qs2,20000,0.045900821685791016
qs2,20000,0.04437398910522461
qs2,20000,0.04667401313781738
qs2,20000,0.047859907150268555
qs2,20000,0.043441057205200195
qs2,20000,0.044696807861328125
qs2,20000,0.04319190979003906
qs2,20000,0.044197797775268555
qs2,20000,0.04995393753051758
qs2,20000,0.04426097869873047
qs2,20000,0.04435992240905762
qs2,20000,0.0437929630279541
qs2,20000,0.043595075607299805
qs2,20000,0.04547405242919922
qs2,20000,0.04945111274719238
qs2,20000,0.0467529296875
qs2,20000,0.04408121109008789
qs2,20000,0.04383993148803711
qs2,20000,0.04873800277709961
qs2,20000,0.05001497268676758
qs2,20000,0.04511904716491699
qs2,20000,0.04333901405334473
qs2,20000,0.04461312294006348
qs2,20000,0.044209957122802734
qs2,20000,0.047985076904296875
qs2,20000,0.04734396934509277
qs2,20000,0.04447197914123535
qs2,20000,0.04486799240112305
qs2,20000,0.045278072357177734
qs2,20000,0.04653000831604004
qs2,20000,0.049623966217041016
qs2,20000,0.04486513137817383
qs2,20000,0.04493093490600586
qs2,20000,0.04387211799621582
qs2,20000,0.04462003707885742
qs2,20000,0.04561424255371094
qs2,20000,0.049031972885131836
qs2,20000,0.04415392875671387
qs2,20000,0.044100046157836914
qs2,20000,0.04448390007019043
qs2,20000,0.04575395584106445
qs2,20000,0.05067610740661621
qs2,20000,0.043663978576660156
qs2,20000,0.042886972427368164
qs2,20000,0.04366707801818848
qs2,20000,0.043601274490356445
qs2,20000,0.04814004898071289
qs2,20000,0.049749135971069336
qs2,20000,0.044200897216796875
qs2,20000,0.04341888427734375
qs2,20000,0.04296708106994629
qs2,20000,0.044950008392333984
qs2,20000,0.05111503601074219
qs2,20000,0.045085906982421875
qs2,20000,0.04559516906738281
qs2,20000,0.046157121658325195
qs2,20000,0.04419898986816406
qs2,20000,0.04714012145996094
qs2,20000,0.04752087593078613
qs2,20000,0.04389786720275879
qs2,20000,0.04565310478210449
qs2,20000,0.048863887786865234
qs2,20000,0.06564521789550781
qs2,20000,0.04951596260070801
qs2,20000,0.04603719711303711
qs2,20000,0.044486045837402344
qs2,20000,0.044317007064819336
qs2,20000,0.047978878021240234
qs2,20000,0.0503079891204834
qs2,20000,0.04403877258300781
qs2,20000,0.04689502716064453
qs2,20000,0.04411125183105469
qs2,20000,0.05039691925048828
qs2,20000,0.04789924621582031
qs2,20000,0.04380178451538086
qs2,20000,0.044252872467041016
qs2,20000,0.042694091796875
qs2,20000,0.04582095146179199
qs2,20000,0.04618215560913086
qs3,20000,0.0497739315032959
qs3,20000,0.04778170585632324
qs3,20000,0.04611086845397949
qs3,20000,0.0444338321685791
qs3,20000,0.04696083068847656
qs3,20000,0.04934215545654297
qs3,20000,0.044647932052612305
qs3,20000,0.044122934341430664
qs3,20000,0.04406118392944336
qs3,20000,0.0540618896484375
qs3,20000,0.05082201957702637
qs3,20000,0.04534912109375
qs3,20000,0.04667401313781738
qs3,20000,0.052610158920288086
qs3,20000,0.05141615867614746
qs3,20000,0.05212688446044922
qs3,20000,0.04589390754699707
qs3,20000,0.04584693908691406
qs3,20000,0.04570508003234863
qs3,20000,0.04503679275512695
qs3,20000,0.04909682273864746
qs3,20000,0.04703068733215332
qs3,20000,0.04285788536071777
qs3,20000,0.04401588439941406
qs3,20000,0.0481259822845459
qs3,20000,0.05408906936645508
qs3,20000,0.059780120849609375
qs3,20000,0.051490068435668945
qs3,20000,0.04532814025878906
qs3,20000,0.04509329795837402
qs3,20000,0.051053762435913086
qs3,20000,0.049105167388916016
qs3,20000,0.0454409122467041
qs3,20000,0.04515194892883301
qs3,20000,0.04554605484008789
qs3,20000,0.04667305946350098
qs3,20000,0.05628514289855957
qs3,20000,0.05375409126281738
qs3,20000,0.043631792068481445
qs3,20000,0.04431581497192383
qs3,20000,0.050889015197753906
qs3,20000,0.0650780200958252
qs3,20000,0.053817033767700195
qs3,20000,0.05096888542175293
qs3,20000,0.047074079513549805
qs3,20000,0.05263996124267578
qs3,20000,0.04648590087890625
qs3,20000,0.04441404342651367
qs3,20000,0.045684099197387695
qs3,20000,0.044786930084228516
qs3,20000,0.04478883743286133
qs3,20000,0.048956871032714844
qs3,20000,0.0440671443939209
qs3,20000,0.04460310935974121
qs3,20000,0.04546809196472168
qs3,20000,0.04404401779174805
qs3,20000,0.04725813865661621
qs3,20000,0.04865312576293945
qs3,20000,0.04480099678039551
qs3,20000,0.04409193992614746
qs3,20000,0.04442906379699707
qs3,20000,0.04608917236328125
qs3,20000,0.049920082092285156
qs3,20000,0.04474496841430664
qs3,20000,0.04550004005432129
qs3,20000,0.04540610313415527
qs3,20000,0.04427218437194824
qs3,20000,0.04820823669433594
qs3,20000,0.04750704765319824
qs3,20000,0.04430413246154785
qs3,20000,0.04730510711669922
qs3,20000,0.04429793357849121
qs3,20000,0.046817779541015625
qs3,20000,0.048905372619628906
qs3,20000,0.04475903511047363
qs3,20000,0.04382205009460449
qs3,20000,0.044779062271118164
qs3,20000,0.04437994956970215
qs3,20000,0.05213809013366699
qs3,20000,0.04457902908325195
qs3,20000,0.04588508605957031
qs3,20000,0.04522418975830078
qs3,20000,0.043927907943725586
qs3,20000,0.04735898971557617
qs3,20000,0.04794812202453613
qs3,20000,0.04397988319396973
qs3,20000,0.04643702507019043
qs3,20000,0.04380989074707031
qs3,20000,0.04596590995788574
qs3,20000,0.05042099952697754
qs3,20000,0.046655893325805664
qs3,20000,0.04427695274353027
qs3,20000,0.04484295845031738
qs3,20000,0.045584917068481445
qs3,20000,0.04732799530029297
qs3,20000,0.04648399353027344
qs3,20000,0.04474496841430664
qs3,20000,0.04358720779418945
qs3,20000,0.04438185691833496
qs3,20000,0.045562028884887695
qs4,20000,0.0637366771697998
qs4,20000,0.06105303764343262
qs4,20000,0.0579838752746582
qs4,20000,0.05781984329223633
qs4,20000,0.06450414657592773
qs4,20000,0.05938601493835449
qs4,20000,0.05838775634765625
qs4,20000,0.05682015419006348
qs4,20000,0.06567716598510742
qs4,20000,0.06137585639953613
qs4,20000,0.060160160064697266
qs4,20000,0.05738377571105957
qs4,20000,0.07591986656188965
qs4,20000,0.06226301193237305
qs4,20000,0.059725046157836914
qs4,20000,0.05970597267150879
qs4,20000,0.07891416549682617
qs4,20000,0.06391406059265137
qs4,20000,0.060160160064697266
qs4,20000,0.06209897994995117
qs4,20000,0.06466102600097656
qs4,20000,0.05735898017883301
qs4,20000,0.05924820899963379
qs4,20000,0.06055402755737305
qs4,20000,0.06601715087890625
qs4,20000,0.05609893798828125
qs4,20000,0.05794095993041992
qs4,20000,0.06134986877441406
qs4,20000,0.06353306770324707
qs4,20000,0.06018400192260742
qs4,20000,0.06016683578491211
qs4,20000,0.057537078857421875
qs4,20000,0.06320381164550781
qs4,20000,0.060855865478515625
qs4,20000,0.055397987365722656
qs4,20000,0.05878400802612305
qs4,20000,0.06357192993164062
qs4,20000,0.06508994102478027
qs4,20000,0.06286215782165527
qs4,20000,0.06404614448547363
qs4,20000,0.06372404098510742
qs4,20000,0.06555509567260742
qs4,20000,0.06435585021972656
qs4,20000,0.06213808059692383
qs4,20000,0.05977797508239746
qs4,20000,0.058917999267578125
qs4,20000,0.06196308135986328
qs4,20000,0.05654621124267578
qs4,20000,0.06067299842834473
qs4,20000,0.06119489669799805
qs4,20000,0.05825924873352051
qs4,20000,0.05896186828613281
qs4,20000,0.0630178451538086
qs4,20000,0.06695199012756348
qs4,20000,0.057678937911987305
qs4,20000,0.06516003608703613
qs4,20000,0.06240677833557129
qs4,20000,0.0635371208190918
qs4,20000,0.05907392501831055
qs4,20000,0.06527018547058105
qs4,20000,0.06184887886047363
qs4,20000,0.0627131462097168
qs4,20000,0.061311960220336914
qs4,20000,0.05735206604003906
qs4,20000,0.06164407730102539
qs4,20000,0.06315493583679199
qs4,20000,0.05718493461608887
qs4,20000,0.057573795318603516
qs4,20000,0.05802297592163086
qs4,20000,0.06428289413452148
qs4,20000,0.06267499923706055
qs4,20000,0.05982208251953125
qs4,20000,0.05939602851867676
qs4,20000,0.0635828971862793
qs4,20000,0.05799126625061035
qs4,20000,0.06360125541687012
qs4,20000,0.059346914291381836
qs4,20000,0.06741786003112793
qs4,20000,0.056366920471191406
qs4,20000,0.05917692184448242
qs4,20000,0.05798983573913574
qs4,20000,0.06057476997375488
qs4,20000,0.0637810230255127
qs4,20000,0.05959510803222656
qs4,20000,0.05839204788208008
qs4,20000,0.059906959533691406
qs4,20000,0.06284499168395996
qs4,20000,0.061079978942871094
qs4,20000,0.06183195114135742
qs4,20000,0.06352710723876953
qs4,20000,0.06222224235534668
qs4,20000,0.05834007263183594
qs4,20000,0.05766415596008301
qs4,20000,0.062000274658203125
qs4,20000,0.06491303443908691
qs4,20000,0.05786585807800293
qs4,20000,0.05931496620178223
qs4,20000,0.06247687339782715
qs4,20000,0.06288361549377441
qs4,20000,0.061337947845458984
qs5,20000,0.05318498611450195
qs5,20000,0.05227923393249512
qs5,20000,0.058207035064697266
qs5,20000,0.05460095405578613
qs5,20000,0.05368304252624512
qs5,20000,0.054232120513916016
qs5,20000,0.05682373046875
qs5,20000,0.05827522277832031
qs5,20000,0.05422377586364746
qs5,20000,0.054325103759765625
qs5,20000,0.05414605140686035
qs5,20000,0.05835700035095215
qs5,20000,0.05613207817077637
qs5,20000,0.05454683303833008
qs5,20000,0.05458426475524902
qs5,20000,0.05700039863586426
qs5,20000,0.057665109634399414
qs5,20000,0.054254770278930664
qs5,20000,0.054305076599121094
qs5,20000,0.05415010452270508
qs5,20000,0.05878400802612305
qs5,20000,0.05376696586608887
qs5,20000,0.05526900291442871
qs5,20000,0.05402112007141113
qs5,20000,0.0558171272277832
qs5,20000,0.057919979095458984
qs5,20000,0.05375385284423828
qs5,20000,0.053761959075927734
qs5,20000,0.05293893814086914
qs5,20000,0.056902170181274414
qs5,20000,0.05716395378112793
qs5,20000,0.054028987884521484
qs5,20000,0.05388689041137695
qs5,20000,0.0545656681060791
qs5,20000,0.05916166305541992
qs5,20000,0.05371522903442383
qs5,20000,0.05227494239807129
qs5,20000,0.05456995964050293
qs5,20000,0.05527496337890625
qs5,20000,0.05630898475646973
qs5,20000,0.053395986557006836
qs5,20000,0.05284714698791504
qs5,20000,0.05369973182678223
qs5,20000,0.05860590934753418
qs5,20000,0.05396890640258789
qs5,20000,0.054924964904785156
qs5,20000,0.05506086349487305
qs5,20000,0.05622601509094238
qs5,20000,0.056643009185791016
qs5,20000,0.053704261779785156
qs5,20000,0.0532381534576416
qs5,20000,0.05350804328918457
qs5,20000,0.059393882751464844
qs5,20000,0.053289175033569336
qs5,20000,0.05310630798339844
qs5,20000,0.052922964096069336
qs5,20000,0.055264949798583984
qs5,20000,0.05869698524475098
qs5,20000,0.05350208282470703
qs5,20000,0.053453683853149414
qs5,20000,0.05280804634094238
qs5,20000,0.057843923568725586
qs5,20000,0.05723285675048828
qs5,20000,0.054197072982788086
qs5,20000,0.05425000190734863
qs5,20000,0.05620121955871582
qs5,20000,0.057553768157958984
qs5,20000,0.054494380950927734
qs5,20000,0.054388999938964844
qs5,20000,0.05392003059387207
qs5,20000,0.05875897407531738
qs5,20000,0.055687904357910156
qs5,20000,0.05289006233215332
qs5,20000,0.05409693717956543
qs5,20000,0.055773019790649414
qs5,20000,0.05934786796569824
qs5,20000,0.053648948669433594
qs5,20000,0.05337381362915039
qs5,20000,0.054318904876708984
qs5,20000,0.056210994720458984
qs5,20000,0.0563359260559082
qs5,20000,0.05426383018493652
qs5,20000,0.05675196647644043
qs5,20000,0.05583310127258301
qs5,20000,0.05821800231933594
qs5,20000,0.05582594871520996
qs5,20000,0.05386614799499512
qs5,20000,0.055941104888916016
qs5,20000,0.056591033935546875
qs5,20000,0.056337833404541016
qs5,20000,0.05525088310241699
qs5,20000,0.05312490463256836
qs5,20000,0.05468606948852539
qs5,20000,0.058493852615356445
qs5,20000,0.05574989318847656
qs5,20000,0.054399967193603516
qs5,20000,0.053811073303222656
qs5,20000,0.05686593055725098
qs5,20000,0.05611300468444824
qs5,20000,0.05341792106628418
merge1,20000,0.05984306335449219
merge1,20000,0.061798095703125
merge1,20000,0.06380128860473633
merge1,20000,0.06086897850036621
merge1,20000,0.06062483787536621
merge1,20000,0.06225419044494629
merge1,20000,0.06458401679992676
merge1,20000,0.06062793731689453
merge1,20000,0.06020021438598633
merge1,20000,0.06175708770751953
merge1,20000,0.064666748046875
merge1,20000,0.0596921443939209
merge1,20000,0.059602975845336914
merge1,20000,0.059374094009399414
merge1,20000,0.06618714332580566
merge1,20000,0.06232428550720215
merge1,20000,0.06180095672607422
merge1,20000,0.06398391723632812
merge1,20000,0.07042789459228516
merge1,20000,0.06277132034301758
merge1,20000,0.06057405471801758
merge1,20000,0.06474494934082031
merge1,20000,0.06304311752319336
merge1,20000,0.06015515327453613
merge1,20000,0.05995512008666992
merge1,20000,0.060862064361572266
merge1,20000,0.06522321701049805
merge1,20000,0.05971789360046387
merge1,20000,0.06033921241760254
merge1,20000,0.059983015060424805
merge1,20000,0.0661461353302002
merge1,20000,0.060198068618774414
merge1,20000,0.06084394454956055
merge1,20000,0.06080174446105957
merge1,20000,0.06491732597351074
merge1,20000,0.05954313278198242
merge1,20000,0.05948901176452637
merge1,20000,0.059889793395996094
merge1,20000,0.06596612930297852
merge1,20000,0.059684038162231445
merge1,20000,0.06046271324157715
merge1,20000,0.05986809730529785
merge1,20000,0.0656580924987793
merge1,20000,0.05959320068359375
merge1,20000,0.0603489875793457
merge1,20000,0.0606229305267334
merge1,20000,0.06529998779296875
merge1,20000,0.06058907508850098
merge1,20000,0.06015205383300781
merge1,20000,0.05960702896118164
merge1,20000,0.06311702728271484
merge1,20000,0.062309980392456055
merge1,20000,0.060385942459106445
merge1,20000,0.06000399589538574
merge1,20000,0.06332516670227051
merge1,20000,0.06478428840637207
merge1,20000,0.06133699417114258
merge1,20000,0.0617527961730957
merge1,20000,0.06419610977172852
merge1,20000,0.06290411949157715
merge1,20000,0.0605771541595459
merge1,20000,0.06039595603942871
merge1,20000,0.06364917755126953
merge1,20000,0.06372809410095215
merge1,20000,0.06043601036071777
merge1,20000,0.06032395362854004
merge1,20000,0.06300091743469238
merge1,20000,0.06305932998657227
merge1,20000,0.060034990310668945
merge1,20000,0.05949807167053223
merge1,20000,0.06261205673217773
merge1,20000,0.06273889541625977
merge1,20000,0.060006141662597656
merge1,20000,0.06055808067321777
merge1,20000,0.06269192695617676
merge1,20000,0.062474966049194336
merge1,20000,0.06034517288208008
merge1,20000,0.05953502655029297
merge1,20000,0.06278204917907715
merge1,20000,0.06402993202209473
merge1,20000,0.060446977615356445
merge1,20000,0.06048393249511719
merge1,20000,0.06210613250732422
merge1,20000,0.06408882141113281
merge1,20000,0.06097698211669922
merge1,20000,0.0606231689453125
merge1,20000,0.062335968017578125
merge1,20000,0.06426215171813965
merge1,20000,0.06038713455200195
merge1,20000,0.059809207916259766
merge1,20000,0.05986809730529785
merge1,20000,0.06494784355163574
merge1,20000,0.06024003028869629
merge1,20000,0.0594179630279541
merge1,20000,0.0596928596496582
merge1,20000,0.06587409973144531
merge1,20000,0.060029029846191406
merge1,20000,0.06034517288208008
merge1,20000,0.060075998306274414
merge1,20000,0.0655050277709961
partition_sort,20000,0.023951053619384766
partition_sort,20000,0.023746013641357422
partition_sort,20000,0.023796796798706055
partition_sort,20000,0.02378702163696289
partition_sort,20000,0.023688077926635742
partition_sort,20000,0.023644208908081055
partition_sort,20000,0.023720264434814453
partition_sort,20000,0.02418804168701172
partition_sort,20000,0.025162935256958008
partition_sort,20000,0.026669025421142578
partition_sort,20000,0.023906707763671875
partition_sort,20000,0.024274826049804688
partition_sort,20000,0.024656057357788086
partition_sort,20000,0.024605274200439453
partition_sort,20000,0.024524927139282227
partition_sort,20000,0.024511098861694336
partition_sort,20000,0.024528026580810547
partition_sort,20000,0.024774789810180664
partition_sort,20000,0.02576899528503418
partition_sort,20000,0.02991795539855957
partition_sort,20000,0.024810075759887695
partition_sort,20000,0.02460193634033203
partition_sort,20000,0.0248260498046875
partition_sort,20000,0.02481222152709961
partition_sort,20000,0.024893999099731445
partition_sort,20000,0.024164199829101562
partition_sort,20000,0.024100065231323242
partition_sort,20000,0.024219036102294922
partition_sort,20000,0.024061918258666992
partition_sort,20000,0.023981809616088867
partition_sort,20000,0.024055004119873047
partition_sort,20000,0.024162769317626953
partition_sort,20000,0.024274826049804688
partition_sort,20000,0.023661136627197266
partition_sort,20000,0.02367568016052246
partition_sort,20000,0.02365422248840332
partition_sort,20000,0.023637056350708008
partition_sort,20000,0.023680925369262695
partition_sort,20000,0.02496480941772461
partition_sort,20000,0.027889013290405273
partition_sort,20000,0.023643970489501953
partition_sort,20000,0.02344799041748047
partition_sort,20000,0.023545265197753906
partition_sort,20000,0.023252010345458984
partition_sort,20000,0.02323627471923828
partition_sort,20000,0.02324509620666504
partition_sort,20000,0.023504972457885742
partition_sort,20000,0.02320718765258789
partition_sort,20000,0.0251467227935791
partition_sort,20000,0.026285648345947266
partition_sort,20000,0.023952007293701172
partition_sort,20000,0.02325916290283203
partition_sort,20000,0.023465871810913086
partition_sort,20000,0.023685932159423828
partition_sort,20000,0.023674726486206055
partition_sort,20000,0.02363109588623047
partition_sort,20000,0.023697853088378906
partition_sort,20000,0.023666858673095703
partition_sort,20000,0.024734973907470703
partition_sort,20000,0.02516007423400879
partition_sort,20000,0.026228904724121094
partition_sort,20000,0.023513078689575195
partition_sort,20000,0.023357868194580078
partition_sort,20000,0.023712873458862305
partition_sort,20000,0.023253202438354492
partition_sort,20000,0.023482084274291992
partition_sort,20000,0.02326798439025879
partition_sort,20000,0.02324819564819336
partition_sort,20000,0.023277759552001953
partition_sort,20000,0.025955915451049805
partition_sort,20000,0.02767491340637207
partition_sort,20000,0.023711204528808594
partition_sort,20000,0.0236818790435791
partition_sort,20000,0.023725032806396484
partition_sort,20000,0.02364206314086914
partition_sort,20000,0.023566007614135742
partition_sort,20000,0.023632049560546875
partition_sort,20000,0.023662090301513672
partition_sort,20000,0.023572206497192383
partition_sort,20000,0.025619983673095703
partition_sort,20000,0.027116060256958008
partition_sort,20000,0.02378988265991211
partition_sort,20000,0.02371811866760254
partition_sort,20000,0.023789167404174805
partition_sort,20000,0.023773908615112305
partition_sort,20000,0.023718833923339844
partition_sort,20000,0.023760080337524414
partition_sort,20000,0.02373814582824707
partition_sort,20000,0.023749113082885742
partition_sort,20000,0.025156259536743164
partition_sort,20000,0.025515079498291016
partition_sort,20000,0.025543928146362305
partition_sort,20000,0.02329397201538086
partition_sort,20000,0.023276090621948242
partition_sort,20000,0.023601055145263672
partition_sort,20000,0.023694992065429688
partition_sort,20000,0.023627042770385742
partition_sort,20000,0.023672103881835938
partition_sort,20000,0.02361297607421875
partition_sort,20000,0.02467203140258789
